{
  "defaultSeverity": "error",
  "extends": [
    "tslint:recommended"
  ],
  "linterOptions": {
    "exclude": ["**/*.d.ts"]
  },
  "rules": {
    "prefer-const": false,
    "jsdoc-format": false,
    "member-access": false,
    "no-unused-expression":false,
    "one-variable-per-declaration": false,
    "space-before-function-paren": [
      true, "always"
    ],
    "semicolon": [true, "always"],
    "whitespace":[true,
      "check-branch",
      "check-decl",
      "check-operator",
      "check-module",
      "check-separator",
      "check-rest-spread",
      "check-type",
      "check-typecast",
      "check-type-operator",
      "check-preblock"],
    "object-literal-shorthand":false,
    "key-spacing": [false],
    "param-spacing":[false],
    "func-call-spacing":[false],
    "unified-signatures":false,
    "keyword-spacing":[false],
    "no-conditional-assignment":false,
    "no-angle-bracket-type-assertion":false,
    "object-literal-sort-keys":[false],
    "radix":true,
    "prefer-for-of":false,
    "cyclomatic-complexity": false,
    "increment-decrement": false,
    "newline-before-return": false,
    "no-parameter-properties": false,
    "no-parameter-reassignment": false,
    "no-unused-variable": false,
    "class-name":false,
    "trailing-comma":[false],
    "callable-types":false,
    "no-empty":false,
    "no-shadowed-variable":true,
    "quotemark":false,
    "eofline":false,
    "ordered-imports":false,
    "comment-format": false,
    "only-arrow-functions": false,
    "completed-docs": false,
    "no-any": false,
    "no-magic-numbers": false,
    "no-non-null-assertion": true,
    "no-null-keyword": false,
    "no-require-imports": false,
    "no-unbound-method": false,
    "no-unnecessary-qualifier": true,
    "no-use-before-declare": true,
    "no-void-expression": true,
    "prefer-function-over-method": false,
    "strict-type-predicates": false,
    "triple-equals": [true, "allow-undefined-check"],
    "typedef": false,
    "ban": false,

    "interface-name": [true, "always-prefix"],
    "max-classes-per-file": false,
    "max-line-length": false,
    "member-ordering": [false],
    "newline-per-chained-call": false,
    "no-console": true,
    "no-switch-case-fall-through": true,
    "strict-boolean-expressions": false,
    "switch-default": false,
    "variable-name":false,
    "no-bitwise":false,
    "no-consecutive-blank-lines":false,
    "array-type":false,
    "no-string-literal":true,
    "linebreak-style": false
  }
}